{
  "Version": "2012-10-17",
  "Statement": [
    {
      "Effect": "Allow",
      "Action": "iot:Connect",
      "Resource": "arn:aws:iot:YOUR_REGION:YOUR_ARN:client/${iot:Connection.Thing.ThingName}"
    },
    {
      "Effect": "Allow",
      "Action": "iot:Publish",
      "Resource": "arn:aws:iot:YOUR_REGION:YOUR_ARN:topic/${iot:Connection.Thing.ThingName}*"
    },
    {
      "Effect": "Allow",
      "Action": "iot:Receive",
      "Resource": "arn:aws:iot:YOUR_REGION:YOUR_ARN:topic/${iot:Connection.Thing.ThingName}*"
    },
    {
      "Effect": "Allow",
      "Action": "iot:Subscribe",
      "Resource": "arn:aws:iot:YOUR_REGION:YOUR_ARN:topicfilter/${iot:Connection.Thing.ThingName}*"
    }
  ]
}
