[
  {
    "name": "PubSubClient",
    "owner": "knolleary",
    "library id": "89",
    "url": "https://github.com/knolleary/pubsubclient.git",
    "version": "~2.8",
    "note": "A client library for MQTT messaging.",
    "authors": ["Nick O'Leary"]
  },
  {
    "name": "Blynk",
    "owner": "blynkkk",
    "library id": "415",
    "url": "https://github.com/blynkkk/blynk-library.git",
    "version": "~0.6.7",
    "authors": ["Volodymyr Shymanskyy"],
    "frameworks": "*",
    "platforms": "*"
  },
  {
    "name": "AceCRC",
    "owner": "bxparks",
    "library id": "1202",
    "url": "https://github.com/bxparks/AceCRC.git",
    "version": "~1.0.1",
    "authors": ["Brian T. Park"],
    "frameworks": "*",
    "platforms": "*"
  },
  {
    "name": "StreamDebugger",
    "owner": "vshymanskyy",
    "library id": "1286",
    "url": "https://github.com/vshymanskyy/StreamDebugger.git",
    "version": "~1.0.1",
    "authors": ["Volodymyr Shymanskyy"],
    "frameworks": "*",
    "platforms": "*"
  }
]
