{
  "language": "en-US",
  "ignoreRegExpList": [
    "header-defines",
    "debug-defines",
    "doxygen-commands",
    "doxygen-commands-custom",
    "example_tags"
  ],
  "patterns": [
    {
      "name": "header-defines",
      "pattern": "/SRC_[A-Z0-9_]+_H_/g"
    },
    {
      "name": "debug-defines",
      "pattern": "/MS_[A-Z0-9]+_DEBUG/g"
    },
    {
      "name": "latex-command",
      "pattern": "/\\\\\\\\[a-z]+/g"
    },
    {
      "name": "javadoc-command",
      "pattern": "/@[a-z]+/g"
    },
    {
      "name": "doxygen-commands",
      "pattern": ["latex-command", "javadoc-command"]
    },
    {
      "name": "hash-reference",
      "pattern": "/#[a-z0-9_]+/g"
    },
    {
      "name": "menusnip-command",
      "pattern": "/@menusnip\\{[a-z0-9_]+\\}/g"
    },
    {
      "name": "ref-command",
      "pattern": "/@ref\\s[a-z0-9_]+/g"
    },
    {
      "name": "anchor-command",
      "pattern": "/@anchor\\s[a-z0-9_]+/g"
    },
    {
      "name": "group-command",
      "pattern": "/@(?:def|in)group\\s[a-z0-9_]+/g"
    },
    {
      "name": "section-command",
      "pattern": "/@(?:sub)*section\\s[a-z0-9_]+/g"
    },
    {
      "name": "doxygen-commands-custom",
      "pattern": [
        "hash-reference",
        "menusnip-command",
        "ref-command",
        "anchor-command",
        "group-command",
        "section-command"
      ]
    },
    {
      "name": "example_tags",
      "pattern": "/BUILD_[A-Z0-9_]+/g"
    }
  ],
  "words": [
    "_CHLORO_",
    "_domgl",
    "_DOMGL_",
    "_DOPCT_",
    "_dopercent",
    "_LTEB_",
    "_turb",
    "_TURB_",
    "Acculevel",
    "Adafruit",
    "ADCSRA",
    "Alconox",
    "Alphasense",
    "alspt19",
    "Arduinos",
    "AtlaspH",
    "AtlasScientificpH",
    "ATMEGA",
    "Atmel",
    "Aufdenkampe",
    "auto-bauding",
    "autobauding",
    "Autonomo",
    "baseflow",
    "biofouling",
    "Botletics",
    "Brandywine",
    "calibResult",
    "CCID",
    "clari_vue10",
    "ClariVUE",
    "CLKCTRL",
    "CMSIS",
    "Coatesville",
    "crystalless",
    "CTRLA",
    "CTRLB",
    "Cutrell",
    "d-opto",
    "D-Opto",
    "Damiano",
    "datasheet",
    "decibelMiliWatt",
    "decibelMiliWatts",
    "DFLL",
    "diel",
    "Digi",
    "Digikey",
    "DLPP",
    "dopto",
    "doxyfile",
    "DPLL",
    "Dragino",
    "DreamHost",
    "DRWI",
    "eeprom",
    "ENABLEINTERRUPT",
    "enviro_diy",
    "EnviroDIY",
    "Espressif",
    "Everlight",
    "examplenavigation",
    "exceedances",
    "EXTINT",
    "FASTWKUP",
    "FDPLL",
    "firmwares",
    "Fona",
    "footernavigation",
    "formazin",
    "Freescale",
    "FREQM",
    "GCKL",
    "GCKLGEN",
    "GCLK",
    "GCLKGEN",
    "Geleskie",
    "GENCTRL",
    "Geolux",
    "GPLP",
    "GPRS",
    "GroPoint",
    "Henkel",
    "HRXL",
    "Hydrocam",
    "ICCID",
    "IMEI",
    "IMSI",
    "INSITU",
    "kilaohms",
    "LOGGERBASE",
    "LOGGERMODEM",
    "LTEBee",
    "matric",
    "max_botix",
    "Maxbotix",
    "Mbili",
    "MCLK",
    "menusnip",
    "microeinstein",
    "microeinsteins",
    "micromoles",
    "microsiemen",
    "microsiemens",
    "Modbus",
    "MODSENSORCONFIG",
    "MODSENSORDEBUGGER",
    "MODSENSORINTERRUPTS",
    "MODULARSENSORS",
    "MQTT",
    "Nanolevel",
    "NDIR",
    "Ndogo",
    "neilh10",
    "NeoSWSerial",
    "nephelometric",
    "NGWOS",
    "Nimbelink",
    "NIST",
    "NVIC",
    "NVMCTRL",
    "OSC32KCTRL",
    "OSCCTRL",
    "OSCM",
    "OSCULP32K",
    "packetized",
    "PaleoTerra",
    "PCHCTRL",
    "PCLKSR",
    "PDBKUPRAM",
    "PDCORESW",
    "PDEC",
    "PDRAMs",
    "PDSYSRAM",
    "Phycocyanin",
    "Phycoerythrin",
    "PINCFG",
    "PLLCSR",
    "PLLE",
    "PPFD",
    "prescalers",
    "PRIMASK",
    "PubSubClient",
    "PWRKEY",
    "Quectel",
    "RainVUE",
    "RainVUE10",
    "RAMCFG",
    "RSSI",
    "RUNSTBY",
    "samd",
    "SAMD",
    "sdamiano",
    "SDCARD",
    "SDHC",
    "Seeed",
    "Sensirion",
    "Sequans",
    "sercom",
    "SERCOM",
    "Shymanskyy",
    "SIMCOM",
    "Skywire",
    "SLEEPDEEP",
    "SLEEPPRM",
    "SLEEPRDY",
    "Sodaq",
    "SoftwareSerial_ExtInts",
    "SOFTWAREWIRE",
    "Soligen",
    "sondes",
    "Soracom",
    "SRDY",
    "SRGD",
    "SRGDamia1",
    "Stoffregen",
    "SUPC",
    "SWRC",
    "SYNCBUSY",
    "SYSCTRL",
    "tableofcontents",
    "Telit",
    "Teros",
    "Testato",
    "ThingSpeak",
    "tiads1x15",
    "TINYGSM",
    "TINYUSB",
    "u_blox",
    "u-blox",
    "ubee",
    "Ubidots",
    "ublox",
    "UBLOX",
    "USART",
    "USBCON",
    "USBE",
    "USBVIRTUAL",
    "USGS",
    "UUID",
    "VEGAPULS",
    "Volodymyr",
    "VREGRDY",
    "vshymanskyy",
    "WROOM",
    "XBee",
    "XCTU",
    "XOSC32KRDY",
    "XOSCFAIL",
    "XOSCRDY",
    "XOUT",
    "Yosemitech",
    "μmol",
    "µmol",
    "µsec"
  ],
  "ignoreWords": [],
  "ignorePaths": ["platformio.ini", "*doxyfile*", ".vscode"]
}
