{
  "name": "GroPointModbus",
  "version": "0.1.1",
  "keywords": "GroPoint, Modbus, communication, bus, sensor",
  "description": "Arduino library for communication with GroPoint soil moisture sensors via Modbus.",
  "repository": {
    "type": "git",
    "url": "https://github.com/EnviroDIY/GroPointModbus.git"
  },
  "authors": [
    {
      "name": "Anthony Aufdenkampe",
      "email": "aaufdenkampe@limno.com",
      "maintainer": true
    }
  ],
  "license": "BSD-3-Clause",
  "frameworks": "arduino",
  "platforms": ["atmelavr", "atmelsam"],
  "dependencies": [
    {
      "name": "SensorModbusMaster",
      "library id": "1824",
      "url": "https://github.com/EnviroDIY/SensorModbusMaster.git",
      "version": ">=0.7.1",
      "note": "EnviroDIY SensorModbusMaster - Arduino library for communicating via modbus with the Arduino acting as the modbus master.",
      "authors": ["Sara Damiano"],
      "frameworks": "arduino",
      "platforms": ["atmelavr", "atmelsam"]
    }
  ],
  "examples": ["examples/*/*.ino", "utilities/*/*.ino"],
  "export": {
    "exclude": ["doc/*", "continuous_integration/*"]
  }
}
