{
  "name": "CayenneLPP",
  "version": "1.4.0",
  "description": "CayenneLPP library for Arduino and ESP-IDF. Compatible with Cayenne Low Power Payload.",
  "keywords": "communication, LoRa, LoRaWAN",
  "homepage": "https://github.com/ElectronicCats/CayenneLPP",
  "repository": {
    "type": "git",
    "url": "https://github.com/ElectronicCats/CayenneLPP.git"
  },
  "authors": {
    "name": "Electronic Cats",
    "email": "hola@electroniccats.com",
    "maintainer": true
  },
  "license": "MIT",
  "frameworks":[
    "arduino",
    "espidf"
  ],
  "platforms": "*",
  "headers": "CayenneLPP.h",
  "dependencies":
  {
      "bblanchon/ArduinoJson": "*"
  },
  "build":
  {
    "libLDFMode": "chain+"
  }
}