{
  "action_cache_version": 1,
  "dependencies": [
    {
      "name": "SdFat",
      "owner": "greiman",
      "library id": "322",
      "url": "https://github.com/greiman/SdFat",
      "version": "~2.3.0",
      "note": "SdFat - FAT16/FAT32 file system for SD cards.",
      "authors": ["Bill Greiman"],
      "frameworks": "arduino",
      "platforms": "atmelavr, atmelsam"
    },
    {
      "name": "SparkFun Qwiic RTC RV8803 Arduino Library",
      "owner": "sparkfun",
      "url": "https://github.com/sparkfun/SparkFun_RV-8803_Arduino_Library.git",
      "version": "~1.2.9",
      "note": "For the RV-8803 RTC",
      "frameworks": "arduino",
      "platforms": "atmelavr, atmelsam"
    },
    {
      "name": "ESP8266SdFat",
      "owner": "earlephilhower",
      "version": "https://github.com/earlephilhower/ESP8266SdFat"
    }
  ]
}
