{
  "name": "GeoluxCamera",
  "version": "0.1.3",
  "keywords": "Geolux, camera",
  "description": "Arduino library for communication with Geolux serial camera.",
  "repository": {
    "type": "git",
    "url": "https://github.com/EnviroDIY/GeoluxCamera.git"
  },
  "authors": [
    {
      "name": "Sara Damiano",
      "email": "sdamiano@stroudcenter.org",
      "maintainer": true
    }
  ],
  "license": "BSD-3-Clause",
  "frameworks": "arduino",
  "platforms": "*",
  "examples": ["examples/*/*.ino"],
  "export": {
    "exclude": ["doc/*", "continuous_integration/*"]
  }
}
